,author,VR,VFA,RPA,RCA,OA
0,Salamon,0.8151738556950613,0.12102623687271936,0.7776020983176494,0.8076092199135977,0.7386671852838681
0,Bittner,0.8300642433054838,0.3689096264442689,0.8131276175998156,0.8580069450773199,0.7208341327582697
0,Hsieh,0.964603177833872,0.45898685662034344,0.8385021490898943,0.8529116904391311,0.7814661559486153
0,Lu,0.7392981627481601,0.023603062687967084,0.6695148843638283,0.6933282597890716,0.7085834220446321
0,MultiDNN,0.7780746106181687,0.11757390687292697,0.7136577432529386,0.748449797409566,0.7344882905947032
0,MultiDNN_RNN,0.8365000015990431,0.17808389192280696,0.7492333385823845,0.7775578484039548,0.7594379891360165
0,MultiDNN_phase,0.7105170116203524,0.06608936608269796,0.6468106912593033,0.684371416187766,0.6819091155951805
0,MultiDNN_RNN_phase,0.8170824472428232,0.09016856585709575,0.7292667676608482,0.7593212300439731,0.7526382794173235
