,author,VR,VFA,RPA,RCA,OA
0,MultiDNN,0.43139350955482075,0.25440069439807755,0.16346027209282343,0.2847491382328194,0.3128847369391636
