,title,author,VR,VFA,RPA,RCA,OA
0,EthanHein_1930sSynthAndUprightBass,MultiDNN,0.20586566317235613,0.18270676691729323,0.011498372308335574,0.11166860795030314,0.27160568735715873
1,Phoenix_ColliersDaughter,MultiDNN,0.6757690978223297,0.4280412371134021,0.3339958520566886,0.4422312478396129,0.4042747533796127
2,MatthewEntwistle_FairerHopes,MultiDNN,0.29312938816449347,0.09223362473077411,0.025439956232333364,0.18345946931704205,0.15998531713065822
3,MusicDelta_FreeJazz,MultiDNN,0.345855246681693,0.2829968296345737,0.21838216879539193,0.30570164454461973,0.3846539060761184
4,MusicDelta_SwingJazz,MultiDNN,0.6363481519332311,0.28602501359434473,0.22798501107136773,0.38068472151251914,0.3439040207522698
