,author,VR,VFA,RPA,RCA,OA
0,Salamon,0.767359536855224,0.25688130619704286,0.5970353543900744,0.7357397132800878,0.6447235852678321
0,Bittner,0.8127386535676756,0.3217877435526745,0.795459059473408,0.8553849463919571,0.7167731793688531
0,Hsieh,0.8443894006241072,0.5228688837718483,0.5471156216622249,0.5924563630560578,0.5277668842781283
0,Kum,0.7348232727029157,0.1493136188431202,0.6931906336507241,0.7091399748918237,0.7525440181773445
0,MultiDNN,0.7321828420639643,0.1972807848972557,0.665034530869867,0.6889657803542295,0.7294688646748401
0,MultiDNN_RNN,0.7522230998480025,0.20577443825023495,0.6799052121691812,0.7015748084455218,0.736419965818644
0,MultiDNN_RNN_phase,0.7536488475997396,0.23028272667921662,0.6755864559398803,0.6953288481763203,0.7260510810459831
0,MultiDNN_phase,0.7069944295523615,0.17667081251358321,0.618784181681339,0.6434595420750984,0.7129378734606437
