,author,VR,VFA,RPA,RCA,OA
0,Salamon,0.6036803290157681,0.38487483560163455,0.27963210093313356,0.569032253598907,0.23488230068566304
0,Durrieu,0.9975794232590423,0.9843585631906739,0.5540325292220947,0.7797633863524666,0.5208022944111856
0,Bittner,0.6140375275042932,0.48995142029059263,0.5186145964448685,0.6936864899683665,0.4075044059040341
0,Hsieh,0.5314521227384903,0.35365409359401173,0.26369932867415347,0.4236161640121569,0.2953296454540573
