,author,VR,VFA,RPA,RCA,OA
0,Salamon,0.8279105278240619,0.11932495274977195,0.5483287546420428,0.6517636565771354,0.5357719894415605
0,Durrieu,0.9933948829243358,0.42854068235321197,0.612086255317411,0.6551523691856637,0.590046497285984
0,Bittner,0.7387255050068948,0.11463360136943702,0.6587904500155944,0.6901424834040611,0.562964271331241
0,Hsieh,0.6928992306249686,0.04678838185010986,0.5118567973192997,0.553214920233331,0.5356762854940759
